#hexcolor,filename,solid(blocks entities),
3300FF,Wasser.gif
3300aa,Wasser(L).gif
3300bb,Wasser(O).gif
3300cc,Wasser(O-L).gif
3300dd,Wasser(O-R).gif
3300ee,Wasser(R).gif
33aaFF,Wasser(U).gif
33bbFF,Wasser(U-L).gif
33ccFF,Wasser(U-R).gif
00FF00,Grass_normal.png
FFFFFF,Busch_1.png
deb164,Weg(L).png
deb300,Weg(O).png
deb400,Weg(O).png
deb500,Weg(O-R).png
deb200,Weg(R).png
deb600,Weg(U).png
deb700,Weg(U-L).png
deb800,Weg(U-R).png
deb900,Weg.png
c20303,HausV.1(1.1).png
a60303,HausV.1(1.2).png
910303,HausV.1(1.3).png
e60505,HausV.1(1.4).png
e60505,HausV.1(1.5).png
870303,HausV.1(2.1).png
750202,HausV.1(2.2).png
7d0303,HausV.1(2.3).png
ee0303,HausV.1(2.4).png
510303,HausV.1(2.5).png
f80303,HausV.1(3.1).png
ea0303,HausV.1(3.2).png
450303,HausV.1(3.3).png
6d0303,HausV.1(3.4).png
9d0303,HausV.1(3.5).png
ff0303,HausV.1(4.1).png
390303,HausV.1(4.2).png
da0303,HausV.1(4.3).png
f20303,HausV.1(4.4).png
2e0303,HausV.1(4.5).png
1d0303,HausV.1(5.1).png
d80303,HausV.1(5.2).png
570303,HausV.1(5.3).png
750303,HausV.1(5.4).png
c70303,HausV.1(5.5).png
ec0303,HausV.1(6.1).png
990303,HausV.1(6.2).png
d70303,HausV.1(6.3).png
e00303,HausV.1(6.4).png
5c0303,HausV.1(6.5).png
150303,HausV.1(7.2).png
2d0303,HausV.1(7.3).png
540303,HausV.1(7.4).png
00fff3,Zaun(3D-M).png
00c2ba,Zaun(3D-O).png
00a099,Zaun(3D-U).png
00756f,Zaun(Links).png
00635f,Zaun(Mitte).png
004542,Zaun(Nach oben-L).png
186864,Zaun(Nach oben-R).png
4ba9a4,Zaun(Rechts).png
34a037,HausV.2(1.2).png
26932a,HausV.2(1.3).png
447546,HausV.2(1.4).png
6aa46c,HausV.2(1.5).png
0e6310,HausV.2(2.1).png
2b9c2f,HausV.2(2.2).png
117d15,HausV.2(2.3).png
55ad58,HausV.2(2.4).png
0d4e0f,HausV.2(2.5).png
65a067,HausV.2(2.6).png
347536,HausV.2(3.1).png
0d8a11,HausV.2(3.2).png
488a4a,HausV.2(3.3).png
0b450c,HausV.2(3.4).png
28ad2c,HausV.2(3.5).png
58d45c,HausV.2(3.6).png
20cf25,HausV.2(4.1).png
2d8a30,HausV.2(4.2).png
53a956,HausV.2(4.3).png
18631b,HausV.2(4.4).png
487549,HausV.2(4.5).png
76cf79,HausV.2(4.6).png
157018,HausV.2(5.1).png
2f7931,HausV.2(5.2).png
6ec771,HausV.2(5.3).png
315632,HausV.2(5.4).png
4e564f,HausV.2(5.5).png
09520b,HausV.2(5.6).png
405f41,HausV.2(6.1).png
6db16f,HausV.2(6.2).png
44b148,HausV.2(6.3).png
19a41e,HausV.2(6.4).png
26cf2c,HausV.2(6.5).png
5ae15e,HausV.2(6.6).png
7cee80,HausV.2(6.7).png
1f7022,HausV.2(7.1).png
639365,HausV.2(7.2).png
239726,HausV.2(7.3).png
1aa91e,HausV.2(7.4).png
39703b,HausV.2(7.5).png
99d89b,HausV.2(7.6).png
99d89c,HausV.2(7.7).png
238628,HausV.2(8.1).png
14ba1c,HausV.2(8.2).png
4dbe53,HausV.2(8.3).png
104513,HausV.2(8.4).png
42b148,HausV.2(8.5).png
6fa971,HausV.2(8.6).png
1a411c,HausV.2(8.7).png
69ba6c,HausV.2(9.1).png
22a929,HausV.2(9.7).png
43a048,HausV.2(10.1).png
9de9a1,HausV.2(10.2).png
37cf3f,HausV.2(10.6).png
248f29,HausV.2(11.2).png
6ecf73,HausV.2(11.3).png
37ba3e,HausV.2(11.5).png
118617,HausV.2(12.3).png
39d842,HausV.2(12.4).png
1da924,HausV.2(12.5).png
75cb77,HausV.2(9.2-5;10.3-4;11.4).png
0fa413,HausV.2(9.6;10.5).png
201bad,Baum(O).png
0d0a7d,Baum(U).png
211d8f,BaumS(U).png
201baa,BaumS(UU).png
0c8a97,Blume(violett).png
2eb5c2,Blume(rot).png
0c8a97,Blume(blau).png
00acbe,Blume(pink).png
ffb84d,Berg(U).png
ffc400,Berg(O).png
ff6f43,Berg(R).png
ffc900,Berg(L).png
ef6c00,Berg(U-R).png
e65100,Berg(U-L).png
e65800,Berg(O-R).png
e25100,Berg(O-L).png
e28900,Berg(M).png
ffb900,Berg(Ecke-U-R).png
ffa900,Berg(Ecke-U-L).png
e45100,Berg(U-R-Stone).png
e85100,Berg(U-L-Stone).png